day,LANA_dots
0,21
0,23
0,30
0,26
0,35
0,18
0,16
0,29
0,41
0,17
0,35
0,23
0,28
0,24
0,23
0,33
0,12
0,30
0,20
0,28
0,33
0,10
0,26
0,20
0,20
0,41
0,34
0,25
0,7
0,26
0,34
0,33
0,29
0,24
0,24
0,10
0,16
0,22
0,38
0,22
0,10
2,29
2,16
2,15
2,16
2,18
2,16
2,29
2,24
2,22
2,17
2,31
2,27
2,30
2,23
2,22
2,23
2,52
2,20
2,30
2,27
2,33
2,10
2,58
2,25
2,30
2,19
2,24
2,19
2,21
2,7
2,32
2,19
2,23
2,11
2,18
2,22
2,39
2,24
2,10
2,46
2,20
2,35
4,20
4,38
4,20
4,24
4,37
4,13
4,22
4,25
4,17
4,7
4,25
4,25
4,21
4,27
4,34
4,29
4,20
4,6
4,5
4,16
4,25
4,22
4,7
4,11
4,17
4,50
4,37
4,33
4,23
4,0
4,30
4,35
4,26
4,37
4,11
4,18
4,20
4,9
4,14
4,14
4,11
4,9
4,14
4,5
4,24
4,26
4,11
6,0
6,8
6,9
6,9
6,9
6,9
6,11
6,11
6,11
6,11
6,13
6,13
6,14
6,16
6,18
6,19
6,21
6,21
6,22
6,23
6,24
6,25
6,26
6,28
6,28
6,28
6,29
6,30
6,30
6,32
6,32
6,32
6,33
6,33
6,33
6,35
6,36
6,42
6,53
6,16
6,18
6,11
6,22
6,14
6,12
6,30
6,12
6,18
6,11
6,23
6,9
6,10
6,6
6,21
8,0
8,0
8,3
8,6
8,7
8,7
8,9
8,9
8,10
8,10
8,11
8,13
8,13
8,14
8,14
8,16
8,16
8,17
8,17
8,18
8,20
8,20
8,21
8,22
8,22
8,26
8,26
8,26
8,27
8,28
8,29
8,30
8,31
8,31
8,32
8,38
8,45
8,24
8,26
8,16
8,27
8,11
8,20
8,9
8,13
8,7
8,16
10,0
10,0
10,0
10,0
10,0
10,0
10,4
10,4
10,7
10,8
10,9
10,10
10,10
10,11
10,11
10,13
10,13
10,14
10,15
10,15
10,16
10,16
10,16
10,17
10,17
10,21
10,21
10,22
10,23
10,24
10,28
10,28
10,43
10,29
10,20
10,11
10,0
10,21
10,22
10,6
10,6
10,21
10,3
10,24
10,7
10,10
10,17
10,11
10,9
10,4
10,8
10,6
10,7
10,20
10,19
12,0
12,0
12,0
12,1
12,1
12,3
12,4
12,4
12,5
12,5
12,5
12,6
12,11
12,11
12,12
12,13
12,14
12,14
12,14
12,14
12,14
12,16
12,17
12,17
12,17
12,18
12,18
12,18
12,20
12,20
12,20
12,21
12,23
12,23
12,23
12,23
12,23
12,24
12,24
12,26
12,27
12,27
12,31
12,12
12,10
12,0
12,3
12,4
12,14
12,24
12,24
12,22
12,9
12,14
12,7
12,15
12,13
12,12
12,11
12,13
14,13
14,11
14,20
14,19
14,11
14,8
14,11
14,9
14,8
14,30
14,4
14,24
14,10
14,19
14,8
14,4
14,16
14,15
14,19
14,11
14,9
14,12
14,23
14,14
14,8
14,20
14,10
14,6
14,3
14,1
14,5
14,16
14,13
14,0
14,18
14,7
14,30
14,11
14,10
14,23
14,7
14,17
14,24
14,0
14,9
14,3
14,15
14,8
14,14
14,8
14,3
14,10
14,9
14,12
14,0
16,5
16,16
16,22
16,1
16,3
16,18
16,10
16,14
16,0
16,4
16,12
16,9
16,10
16,5
16,14
16,5
16,6
16,6
16,7
16,1
16,13
16,10
16,14
16,24
16,20
16,8
16,12
16,0
16,5
16,7
16,14
16,8
16,0
16,3
16,25
16,10
16,4
16,6
16,9
16,12
16,2
16,12
16,12
18,10
18,16
18,9
18,10
18,1
18,17
18,7
18,1
18,14
18,2
18,0
18,16
18,6
18,21
18,9
18,1
18,10
18,7
18,3
18,9
18,24
18,15
18,15
18,9
18,3
18,3
18,4
18,13
18,8
18,10
18,22
18,5
18,14
18,6
18,0
18,13
18,1
18,0
18,4
18,17
18,14
18,21
18,5
18,30
18,0
18,13
18,10
18,8
18,18
18,10
18,3
18,0
18,17
18,8
18,12
18,14
18,16
20,10
20,14
20,12
20,12
20,10
20,0
20,4
20,0
20,8
20,11
20,9
20,9
20,9
20,3
20,0
20,1
20,4
20,1
20,14
20,8
20,7
20,7
20,12
20,0
20,6
20,6
20,11
20,1
20,7
20,4
20,0
20,6
20,10
20,2
20,1
20,8
20,5
20,3
20,0
20,11
20,10
20,19
20,7
20,14
20,1
20,10